town-symbol,available-votes,voted,disqualified-votes,proper-votes,AMT,G,VDAM,TB,L,MHL,PA,SHS,OTHER
967,2018,595,6,589,13,0,554,0,1,4,8,2,7
472,4821,2718,36,2682,75,4,2157,5,5,280,123,14,19
473,9422,6090,53,6037,92,6,4458,16,230,190,752,247,46
958,142,41,1,40,0,0,40,0,0,0,0,0,0
968,3037,1336,8,1328,9,0,1263,1,0,8,33,0,14
1342,578,334,3,331,9,0,264,1,0,3,52,0,2
966,4060,1524,21,1503,8,1,1431,1,1,4,24,3,30
961,4870,2171,5,2166,3,2,2126,1,1,3,11,1,18
1375,943,576,2,574,0,0,565,1,0,0,3,2,3
652,1818,1161,10,1151,4,0,1110,1,1,8,18,1,8
1275,308,233,0,233,35,0,7,9,4,25,142,0,11
679,519,413,0,413,49,4,6,9,7,107,225,3,3
1115,332,246,0,246,0,4,0,2,0,175,4,61,0
819,617,488,4,484,62,0,0,31,4,55,326,6,0
175,983,734,1,733,82,2,7,15,13,115,491,7,1
2052,417,330,0,330,4,10,0,15,4,240,29,23,5
1070,577,445,0,445,32,1,4,33,21,196,139,15,4
1220,210,160,1,159,58,0,5,2,2,7,82,2,1
182,9935,7569,27,7542,725,51,28,202,190,1862,4298,149,37
1081,281,193,0,193,5,0,0,8,1,125,33,20,1
783,497,351,2,349,19,0,0,13,10,219,73,13,2
400,912,787,2,785,4,27,0,299,0,348,13,87,7
4011,402,311,0,311,4,5,1,158,1,92,23,9,18
3793,1107,882,1,881,2,20,0,400,0,337,4,94,24
1311,250,158,1,157,3,2,0,1,74,41,35,0,1
3759,246,191,0,191,5,4,1,60,4,72,32,3,10
113,233,183,0,183,0,1,0,2,0,110,10,58,2
1068,354,195,0,195,56,0,14,3,18,36,65,1,2
1123,570,409,1,408,13,4,0,49,1,238,53,46,4
446,807,615,1,614,84,1,4,9,19,89,396,9,3
4010,121,89,0,89,10,0,1,5,2,14,54,1,2
1046,267,185,0,185,6,0,2,16,1,81,73,6,0
2710,35711,22535,126,22409,88,1,22079,7,4,64,65,12,89
2024,717,580,1,579,10,0,558,1,0,4,2,0,4
1358,2011,1158,8,1150,3,0,1125,1,0,5,5,3,8
1108,367,231,0,231,5,4,0,8,31,135,41,6,1
680,512,388,0,388,56,0,1,4,6,57,258,6,0
31,21810,14655,109,14546,243,2198,18,572,1118,5881,1012,3378,126
1294,281,184,0,184,2,83,0,3,0,31,1,58,6
67,616,469,0,469,112,0,3,5,11,32,302,1,3
2400,26945,18883,149,18734,558,196,16,506,357,10274,3228,3456,143
1020,15949,10300,63,10237,195,137,12,322,1151,5793,1418,1122,87
780,840,602,1,601,39,4,0,26,13,279,178,56,6
2012,437,319,2,317,44,0,0,8,6,43,212,4,0
4013,248,177,0,177,31,0,0,11,2,21,110,2,0
403,448,238,1,237,67,1,5,1,7,13,142,0,1
3760,6421,4937,10,4927,216,36,2,576,195,1641,2169,71,21
278,368,260,0,260,48,0,4,4,6,20,177,0,1
565,9778,6730,41,6689,339,76,24,231,317,2750,2148,739,65
1157,185,143,0,143,13,0,0,3,7,28,88,2,2
821,396,277,0,277,4,1,0,4,2,190,11,63,2
1330,1713,1304,2,1302,87,2,0,46,83,535,516,26,7
785,659,512,6,506,4,8,0,45,3,340,29,71,6
850,714,546,4,542,28,2,3,14,14,201,230,49,1
804,878,744,2,742,8,5,0,12,3,512,26,169,7
797,1178,1026,4,1022,0,33,0,93,1,409,13,471,2
965,1585,514,3,511,1,0,480,0,6,2,18,1,3
338,126,35,0,35,0,0,0,2,0,28,1,3,1
716,391,308,1,307,95,0,2,2,2,8,195,0,3
77,818,587,2,585,124,2,2,11,20,50,370,1,5
294,819,621,2,619,187,1,9,17,13,92,296,1,3
1126,253,164,0,164,53,0,3,0,4,16,88,0,0
49,462,305,0,305,20,1,0,16,10,115,137,2,4
2600,50714,22754,118,22636,851,185,237,728,1605,11250,6163,1422,195
1336,410,309,0,309,24,3,0,5,7,96,173,1,0
3762,592,442,0,442,0,46,0,272,1,79,1,24,19
37,350,274,1,273,1,14,0,22,0,176,6,48,6
478,9637,6553,41,6512,26,2,6387,1,0,37,34,9,16
1359,1762,889,10,879,53,2,699,1,1,21,86,1,15
1316,127,104,1,103,0,0,102,0,0,0,0,1,0
4003,343,252,2,250,61,0,1,9,19,38,121,0,1
1145,330,280,0,280,0,74,0,8,0,14,0,182,2
330,300,210,0,210,50,1,0,8,4,24,119,3,1
1182,828,614,1,613,151,0,3,11,8,33,407,0,0
3579,924,716,2,714,1,27,0,494,1,108,1,20,62
3604,2177,1647,6,1641,21,42,1,1067,6,393,74,10,27
429,682,530,0,530,85,1,3,11,8,53,367,1,1
4017,221,152,0,152,3,1,0,78,0,61,4,2,3
868,120,23,0,23,3,0,0,2,2,3,13,0,0
285,511,376,1,375,86,0,1,5,5,22,254,1,1
4002,307,222,3,219,26,1,1,16,14,33,122,3,3
1365,224,197,1,196,24,0,1,59,3,21,88,0,0
41,2579,1958,2,1956,73,41,1,83,29,1071,363,277,18
1248,113,74,1,73,8,0,0,1,5,10,49,0,0
730,468,349,1,348,5,1,0,10,0,262,37,30,3
682,586,423,3,420,10,20,0,13,5,261,28,78,5
204,469,350,0,350,12,2,0,26,1,191,87,27,4
841,812,632,5,627,22,2,2,30,4,313,185,63,6
1125,294,219,0,219,26,0,5,5,5,7,169,0,2
3556,193,135,1,134,31,1,0,5,2,26,68,0,1
1309,20909,17906,90,17816,11,6571,0,696,6,1380,44,8978,130
3618,1468,1157,3,1154,6,18,1,725,6,335,34,15,14
3750,5820,4293,16,4277,175,41,3,216,218,1635,1855,100,34
603,242,148,1,147,8,0,1,3,1,85,28,21,0
3560,2536,2100,3,2097,6,39,1,1301,3,576,84,39,48
772,713,512,1,511,22,4,1,13,17,204,203,45,2
1064,609,409,2,407,86,3,13,44,7,43,203,4,4
1253,305,224,0,224,18,3,0,14,15,99,63,10,2
23,185,133,0,133,4,3,0,49,0,44,30,3,0
4012,445,272,0,272,18,1,1,11,4,86,144,5,2
960,493,131,1,130,0,1,117,0,0,1,7,0,4
3754,376,282,1,281,0,146,0,77,0,21,0,27,10
529,9104,6232,49,6183,144,2,5655,2,115,65,167,5,28
963,4690,2036,5,2031,3,0,1994,2,1,2,8,3,18
4301,259,176,0,176,34,0,1,5,11,21,101,0,3
176,1086,733,2,731,213,0,7,10,13,46,433,3,6
313,507,388,3,385,78,0,4,9,6,23,263,2,0
3650,7271,5481,11,5470,52,95,3,2884,18,1902,300,102,114
701,452,335,0,335,31,3,0,8,12,132,141,6,2
3598,124,86,0,86,1,0,0,2,1,52,24,4,2
714,441,316,3,313,103,0,1,6,10,21,171,1,0
3570,15146,9694,88,9606,119,112,10,950,1827,5033,1242,180,133
1324,123,72,1,71,10,0,1,1,3,15,41,0,0
71,420,322,4,318,14,2,0,19,6,178,65,31,3
70,179046,118313,694,117619,2109,13731,64,3124,19414,43073,18374,16994,736
199,658,471,0,471,86,0,1,19,13,55,291,1,5
188,520,362,0,362,73,0,0,20,17,58,191,2,1
1188,620,467,1,466,91,2,2,100,17,79,169,2,4
3722,338,250,0,250,12,1,0,18,13,125,77,2,2
2021,114,73,0,73,7,0,0,10,3,26,27,0,0
1152,409,300,1,299,40,3,2,22,18,82,127,3,2
7100,114443,72538,466,72072,1592,1268,70,3001,11627,34677,11749,7378,710
1256,429,310,1,309,19,4,1,12,19,176,66,11,1
740,749,605,2,603,35,20,1,29,7,306,101,97,7
6000,19193,11879,67,11812,65,0,11553,11,0,21,73,29,60
21,593,446,1,445,34,2,6,12,38,139,197,16,1
1376,904,759,2,757,8,15,0,173,3,411,43,88,16
155,808,643,2,641,76,0,2,14,11,76,453,8,1
2530,16522,12689,54,12635,453,191,15,393,515,5490,4489,1007,82
9000,161968,100051,785,99266,3329,1360,770,4442,11804,49801,17984,8860,916
450,396,280,5,275,13,2,2,126,3,57,66,1,5
697,700,543,1,542,70,4,2,21,13,77,349,2,4
399,852,669,0,669,291,1,9,9,14,27,318,0,0
559,713,551,1,550,46,0,0,9,11,182,279,20,3
482,6562,4323,26,4297,114,1,4007,5,0,26,118,9,17
4001,567,76,0,76,12,0,2,16,4,18,20,3,1
698,803,617,0,617,48,0,3,13,12,131,392,16,2
2043,591,461,0,461,85,0,4,7,12,37,315,1,0
762,609,476,3,473,5,7,0,32,2,300,34,90,3
234,889,715,4,711,74,4,2,14,12,107,494,2,2
998,6487,3582,21,3561,163,0,2876,3,8,140,349,3,19
1348,1213,924,3,921,0,0,910,0,0,0,1,0,10
368,596,429,0,429,10,18,0,29,3,261,36,68,4
317,321,208,1,207,50,1,1,4,1,22,125,0,3
3574,3360,2692,9,2683,4,176,2,1811,3,525,5,73,84
562,1047,825,2,823,73,6,3,18,20,246,438,10,9
95,598,416,1,415,101,0,4,9,7,21,265,5,3
3652,3633,2648,7,2641,59,24,1,238,109,1453,631,95,31
480,8713,4311,34,4277,948,5,432,3,586,316,1950,7,30
619,290,230,1,229,68,0,3,1,1,9,145,0,2
571,774,608,0,608,6,17,1,277,7,206,54,31,9
466,5109,3832,19,3813,139,61,4,167,103,1996,995,319,29
723,575,471,2,469,2,17,0,30,1,366,2,45,6
373,538,426,2,424,69,1,3,5,15,51,275,2,3
322,559,390,3,387,63,0,0,3,6,37,274,3,1
572,501,337,0,337,113,0,3,1,14,18,186,0,2
3645,175,142,0,142,5,0,0,28,10,55,41,3,0
242,1045,761,5,756,146,2,1,22,11,62,508,2,2
353,113,74,1,73,19,0,1,0,1,3,41,1,7
710,1185,875,0,875,198,8,8,57,14,170,401,14,5
143,603,372,0,372,117,1,2,4,5,20,221,0,2
3575,826,689,2,687,6,12,0,274,10,310,26,43,6
877,610,470,1,469,103,0,4,3,3,8,346,0,2
2033,455,378,2,376,1,349,0,7,0,9,2,8,0
159,521,402,0,402,52,0,2,8,10,60,268,2,0
800,612,461,0,461,48,1,3,10,21,59,311,5,3
1050,1486,1122,0,1122,83,2,1,35,26,431,520,18,6
288,713,536,2,534,85,2,1,13,7,65,357,1,3
265,367,251,1,250,9,1,0,7,0,179,17,34,3
200,297,192,0,192,31,0,5,1,1,16,138,0,0
326,1631,1252,1,1251,138,4,5,26,27,135,908,4,4
430,630,456,0,456,69,1,4,9,4,64,300,3,2
751,364,267,1,266,2,28,0,69,0,113,15,35,4
784,622,471,4,467,63,2,3,14,5,166,205,5,4
16,440,343,0,343,142,0,3,2,4,10,179,1,2
672,472,359,0,359,48,2,4,13,9,118,143,20,2
202,250,187,0,187,30,0,1,0,3,22,131,0,0
301,461,353,0,353,18,0,0,20,5,175,95,32,8
756,828,627,1,626,38,3,0,26,17,253,238,45,6
604,738,585,5,580,17,9,1,32,2,347,115,51,6
212,68,33,0,33,0,20,0,1,0,7,0,4,1
598,675,545,1,544,144,1,3,5,16,66,305,1,3
365,476,344,0,344,116,0,4,5,3,16,200,0,0
848,331,248,0,248,0,13,0,122,0,77,1,29,6
1162,390,322,0,322,7,4,1,223,2,54,19,5,7
9200,14358,10152,40,10112,164,109,28,463,169,6342,645,2093,99
2610,65157,43317,286,43031,394,15447,20,3601,1382,11349,1942,8450,446
248,487,397,1,396,50,1,3,8,4,57,270,1,2
747,570,440,0,440,13,4,0,9,8,279,35,87,5
252,213,77,0,77,5,2,0,2,3,14,50,1,0
3780,26014,21339,128,21211,15,13588,3,164,8,895,22,6345,171
94,400,331,2,329,35,5,1,10,10,88,172,5,3
760,611,508,3,505,4,3,0,28,5,327,23,115,0
712,552,413,0,413,49,8,4,15,11,103,217,5,1
1084,236,167,0,167,44,0,3,1,2,31,80,5,1
2013,591,466,1,465,61,2,1,12,8,116,254,7,4
6100,111344,85775,929,84846,314,51922,22,1200,469,4951,1133,24389,446
1368,543,464,1,463,0,16,0,327,0,84,0,8,28
592,478,398,5,393,5,5,0,213,1,107,47,10,5
386,981,785,3,782,102,1,0,25,10,128,512,2,2
4015,893,595,3,592,52,1,1,29,38,172,276,8,15
1363,310,266,0,266,0,57,0,150,0,41,2,9,7
448,613,511,1,510,88,0,2,15,11,62,326,5,1
1066,5768,3767,35,3732,62,52,0,122,987,1587,539,330,53
418,846,637,1,636,88,1,3,5,13,100,420,3,3
588,895,723,2,721,6,59,2,206,3,323,23,72,27
685,624,503,3,500,52,0,1,12,4,98,325,6,2
9800,10257,7636,16,7620,1090,22,48,302,196,1646,4157,125,34
1326,6639,4467,34,4433,79,0,4305,0,1,8,20,1,19
944,5371,2936,10,2926,121,7,2578,8,4,33,93,39,43
483,5653,4460,10,4450,11,5,4332,2,4,16,33,36,11
389,769,573,2,571,60,2,2,11,7,79,408,2,0
589,298,224,0,224,27,0,6,6,5,57,113,6,4
864,540,430,1,429,30,1,0,18,4,238,102,31,5
3612,140,104,0,104,4,0,0,6,1,50,39,3,1
823,412,311,1,310,26,3,1,18,4,182,48,26,2
1191,626,460,1,459,0,36,0,131,4,180,7,87,14
3744,450,395,0,395,0,13,0,317,2,46,0,13,4
428,729,509,3,506,141,3,8,6,13,68,266,0,1
2060,342,272,0,272,18,0,0,19,9,159,39,26,2
3710,1163,1005,3,1002,1,21,3,320,0,599,8,14,36
746,766,649,0,649,4,72,0,73,3,345,19,125,8
667,505,351,1,350,157,1,4,0,7,11,166,2,2
141,304,219,1,218,13,0,0,5,4,92,93,10,1
617,518,334,1,333,142,0,5,6,1,4,174,1,0
3654,1381,1001,5,996,18,2,4,96,81,607,172,10,6
2038,1124,923,0,923,1,78,0,65,1,551,18,178,31
1323,498,397,0,397,30,5,0,17,15,184,119,26,1
1361,417,319,4,315,38,3,1,5,5,29,230,4,0
1319,4044,2932,7,2925,334,6,9,100,80,595,1752,32,17
6200,124576,65107,492,64615,2195,1032,179,1620,10877,27650,14421,6058,583
3794,855,620,1,619,1,71,0,204,0,242,5,41,55
33,441,354,0,354,68,1,4,16,7,60,192,4,2
1292,14464,10059,44,10015,43,10,9806,5,3,32,39,18,59
485,4710,2846,31,2815,108,5,88,43,354,319,1564,310,24
627,6383,5078,13,5065,202,0,4816,1,1,2,29,1,13
976,478,211,1,210,2,0,173,0,1,1,12,2,19
541,8896,4941,56,4885,21,1,4722,17,1,13,41,12,57
487,2459,1527,14,1513,54,0,1119,2,206,11,107,5,9
628,8186,4597,20,4577,42,0,4471,4,1,8,22,1,28
872,261,207,0,207,6,0,28,16,2,108,35,7,5
379,691,511,2,509,38,3,0,31,9,213,182,28,5
853,835,643,2,641,55,5,2,12,25,154,385,2,1
352,306,196,0,196,67,0,3,2,36,7,81,0,0
424,458,340,0,340,111,0,2,5,6,23,190,2,1
86,514,376,0,376,93,0,0,2,3,13,265,0,0
3763,3230,2405,10,2395,27,58,2,269,66,1238,158,506,71
683,723,526,2,524,45,3,0,14,10,135,308,6,3
2014,296,249,1,248,3,4,0,7,0,190,15,25,4
3644,1005,710,4,706,38,4,5,61,37,332,201,17,11
1344,604,490,0,490,36,1,0,57,19,165,210,2,0
1293,1676,1154,2,1152,50,12,2,61,41,491,439,46,10
1288,1610,1212,0,1212,201,2,9,21,29,108,835,4,3
147,1873,1380,2,1378,334,2,9,26,25,141,834,4,3
870,500,386,0,386,88,0,1,7,2,46,238,3,1
3730,11582,8864,27,8837,128,1851,5,678,153,3301,831,1782,108
207,301,249,1,248,40,0,4,5,6,25,168,0,0
2018,972,732,1,731,208,1,6,0,8,18,486,0,4
173,889,667,0,667,216,0,9,13,17,45,361,1,5
4021,471,331,3,328,30,0,2,19,21,76,178,0,2
787,933,704,3,701,95,9,4,56,16,280,187,43,11
919,513,391,0,391,103,1,9,14,10,64,178,10,2
802,651,482,1,481,22,7,0,31,15,254,112,34,6
360,439,341,0,341,29,3,1,6,6,167,122,4,3
703,401,257,1,256,73,0,1,10,6,16,147,2,1
681,18240,13891,43,13848,582,300,42,4000,310,4279,3395,787,153
1077,215,172,1,171,13,1,5,8,0,16,126,2,0
793,654,493,2,491,21,3,0,33,7,256,112,58,1
6300,48523,33978,117,33861,4963,207,325,1072,950,6880,18797,491,176
342,316,239,1,238,44,1,0,6,13,26,142,2,4
133,681,553,2,551,131,0,1,2,8,29,378,0,2
35,368,242,0,242,78,0,0,1,9,10,143,0,1
145,282,210,0,210,2,2,0,7,2,168,8,18,3
442,293,227,1,226,14,4,0,4,7,121,46,27,3
2550,17628,13122,63,13059,834,144,30,626,461,5212,4886,747,119
852,343,234,0,234,56,0,1,2,6,13,156,0,0
755,342,267,0,267,10,1,0,5,0,177,28,44,2
1219,165,108,1,107,5,2,0,0,4,60,22,14,0
457,633,450,0,450,176,0,5,3,15,21,229,0,1
370,385,207,1,206,61,0,8,1,1,19,116,0,0
706,556,423,0,423,46,4,1,8,12,115,231,3,3
196,265,217,1,216,41,2,0,4,6,33,126,1,3
1043,146,113,0,113,22,1,0,4,1,50,32,3,0
1204,924,693,0,693,73,0,2,26,29,100,462,0,1
736,1021,775,4,771,27,7,0,61,11,461,161,36,7
262,539,371,1,370,80,0,4,6,2,61,211,1,5
92,540,379,2,377,98,1,4,2,8,38,224,1,1
863,656,519,2,517,56,0,2,18,10,123,290,14,4
1206,203,139,1,138,22,1,1,2,26,36,49,0,1
3613,241,195,0,195,3,6,0,92,2,62,28,0,2
393,470,327,1,326,104,0,4,4,4,9,200,1,0
3606,155,91,1,90,10,1,1,5,2,37,32,1,1
346,352,275,0,275,77,0,7,3,4,10,165,8,1
369,369,284,0,284,66,0,1,6,8,7,196,0,0
745,676,553,1,552,17,18,0,313,2,139,27,25,11
1072,356,291,0,291,25,3,1,14,8,105,132,3,0
225,629,488,2,486,82,0,4,16,9,56,317,1,1
239,533,422,0,422,54,1,3,4,18,41,299,1,1
734,639,497,0,497,76,1,4,13,11,51,336,3,2
166,16531,12372,42,12330,449,73,20,631,565,5601,4100,821,70
1274,2101,1492,3,1489,100,7,2,66,55,628,599,26,6
311,264,206,0,206,17,1,4,6,4,46,128,0,0
144,400,323,0,323,92,0,1,4,2,12,208,1,3
72,871,674,1,673,284,0,5,1,3,14,366,0,0
836,351,269,1,268,23,5,0,6,8,84,139,3,0
549,713,545,1,544,38,2,1,9,10,146,327,11,0
1103,258,202,0,202,31,1,0,7,6,34,123,0,0
1371,421,367,0,367,3,8,0,212,2,106,15,16,5
862,531,400,1,399,24,3,1,15,3,145,195,11,2
3823,1882,1486,5,1481,4,125,0,211,2,392,11,696,40
218,212,167,0,167,32,0,0,6,2,29,98,0,0
229,14737,11497,37,11460,777,252,31,476,315,2881,5758,918,52
842,672,524,1,523,165,1,7,8,6,29,305,2,0
463,547,375,0,375,107,0,3,4,9,32,218,2,0
39,266,224,0,224,4,2,0,7,2,148,19,38,4
1129,289,169,0,169,35,0,1,2,3,19,108,0,1
4022,220,153,2,151,14,0,0,2,11,30,86,2,6
305,413,261,2,259,78,0,5,2,0,27,145,0,2
574,1181,819,3,816,142,0,7,20,32,210,397,3,5
340,564,408,1,407,99,0,1,5,4,44,252,0,2
128,202,148,0,148,20,0,0,4,4,36,80,3,1
494,12693,7150,48,7102,481,1,650,32,272,407,5200,22,37
146,228,157,3,154,11,0,0,2,4,40,92,3,2
489,7039,4922,16,4906,36,0,4826,1,3,9,16,2,13
849,651,490,0,490,129,4,2,11,10,45,288,0,1
407,327,230,2,228,27,0,0,1,7,24,164,4,1
62,512,341,1,340,96,0,0,2,8,22,210,1,1
79,567,404,1,403,90,1,0,10,4,36,262,0,0
1067,361,250,0,250,2,2,0,7,0,197,17,20,5
3747,864,689,1,688,2,19,0,440,1,183,7,18,18
738,285,222,0,222,14,0,1,5,3,52,143,3,1
336,554,408,0,408,120,1,2,9,4,32,235,3,2
475,511,292,4,288,3,0,276,1,0,3,4,1,0
490,8208,6877,20,6857,152,3,6425,0,1,14,41,202,19
492,7322,5860,9,5851,37,2,5670,3,10,26,38,55,10
2200,28214,17556,152,17404,341,157,47,602,1282,10761,2084,2005,125
2063,296,198,1,197,7,1,0,14,6,104,39,18,8
300,660,498,0,498,184,0,6,3,1,11,292,1,0
431,632,491,1,490,1,4,0,19,0,315,10,128,13
1317,318,239,1,238,1,0,213,1,0,2,17,1,3
303,526,380,1,379,127,0,2,7,3,11,229,0,0
302,581,448,1,447,118,0,2,5,5,41,275,1,0
1241,270,183,1,182,22,0,0,10,7,57,84,0,2
1349,555,424,1,423,8,0,383,0,0,10,20,1,1
702,154,87,1,86,20,2,0,2,5,12,40,4,1
675,300,205,0,205,43,0,1,2,4,14,141,0,0
356,651,459,4,455,89,0,4,6,7,60,284,4,1
191,516,413,1,412,60,0,6,4,13,45,279,1,4
9700,46218,34935,101,34834,3394,160,103,838,1070,8225,20012,888,144
726,498,322,3,319,21,1,0,9,3,182,59,38,6
1169,1074,581,3,578,1,0,539,0,0,0,26,1,11
956,1113,462,4,458,49,1,396,0,0,2,6,0,4
1186,1374,1042,1,1041,28,6,0,532,1,239,211,15,9
250,906,611,1,610,241,0,4,10,8,15,325,4,3
307,515,425,1,424,3,12,0,218,4,141,17,18,11
434,590,457,0,457,114,3,2,4,9,25,296,1,3
684,565,436,1,435,46,0,4,8,14,23,333,4,3
1208,487,333,1,332,85,1,8,8,2,38,185,3,2
377,636,494,0,494,153,0,5,7,4,26,294,4,1
677,718,535,0,535,94,3,1,10,10,59,347,7,4
423,619,461,2,459,160,1,8,5,7,15,260,1,2
3769,3037,2311,3,2308,263,5,12,96,72,584,1238,23,15
3603,1002,775,1,774,44,3,2,56,44,384,187,47,7
1261,115,82,0,82,25,0,1,6,4,11,31,0,4
464,220,120,0,120,45,0,5,0,0,7,63,0,0
1249,405,314,0,314,155,1,17,2,2,4,130,0,3
6400,82906,55010,177,54833,4796,675,235,1548,2301,14894,28206,1878,300
1203,353,267,3,264,82,0,11,3,1,16,146,1,4
3639,238,189,2,187,10,1,0,12,5,105,47,4,3
1133,222,172,0,172,20,4,3,8,6,67,48,16,0
815,415,353,0,353,1,18,0,11,0,218,10,95,0
44,264,203,0,203,5,6,0,11,5,129,24,22,1
584,717,492,3,489,129,0,3,13,11,79,249,3,2
788,817,694,1,693,15,6,0,14,6,469,81,96,6
9300,16895,12172,38,12134,1176,618,59,618,292,2586,5955,771,59
799,764,588,1,587,9,0,0,14,5,432,63,61,3
1290,4720,3236,27,3209,17,1,3146,2,1,6,14,5,17
1065,370,342,0,342,5,15,0,56,3,208,14,35,6
816,398,289,1,288,4,2,1,12,4,196,14,49,6
2064,305,229,0,229,3,7,0,9,0,151,20,35,4
975,5365,2863,21,2842,264,3,1902,4,13,114,486,3,53
818,488,419,1,418,2,8,0,43,1,235,5,119,5
1321,500,273,3,270,6,0,252,0,0,0,7,1,4
235,344,224,0,224,24,0,0,5,5,47,124,17,2
1110,362,259,0,259,8,1,0,7,14,147,59,18,5
3400,297,216,1,215,0,21,0,98,1,45,2,7,41
717,724,576,2,574,49,2,1,26,9,149,321,14,3
3764,335,262,0,262,0,16,0,179,0,57,0,2,8
205,503,398,0,398,82,0,3,6,6,40,260,1,0
4026,642,381,1,380,18,2,0,17,11,130,198,1,3
618,600,486,0,486,11,16,1,22,3,295,77,53,8
6500,76558,48251,297,47954,1887,667,214,1498,4648,21607,13046,4011,376
160,657,536,1,535,102,1,1,13,9,79,328,1,1
6600,158891,101584,518,101066,4606,894,163,2914,7081,42980,31303,10345,780
1239,133,96,0,96,27,0,0,4,4,15,45,0,1
253,458,335,1,334,90,3,1,16,5,26,188,0,5
662,733,535,4,531,22,1,2,19,23,322,99,39,4
1332,552,338,1,337,9,0,308,0,0,5,13,0,2
115,735,522,2,520,70,1,5,12,8,48,375,0,1
374,464,302,0,302,100,0,5,5,12,22,153,1,4
1303,8100,4168,67,4101,50,1,3757,2,7,178,68,3,35
496,4571,2374,10,2364,166,1,274,29,431,157,1215,73,18
355,296,196,0,196,67,0,2,3,4,32,88,0,0
1047,257,227,0,227,2,7,0,15,0,155,12,33,3
219,449,359,0,359,44,7,1,49,4,43,204,3,4
3643,810,630,2,628,5,8,0,272,83,199,28,19,14
4000,249627,145488,863,144625,10395,5604,14915,5020,14893,38464,50081,4218,1035
162,926,751,0,751,141,0,5,15,18,34,536,1,1
1272,415,271,1,270,88,0,4,4,2,18,152,1,1
820,354,259,1,258,8,1,1,18,3,167,26,30,4
993,1165,655,7,648,36,1,555,1,1,3,42,2,7
801,570,478,2,476,6,25,0,215,2,132,58,34,4
343,307,212,0,212,53,0,0,11,3,39,105,0,1
3646,119,94,0,94,0,1,0,58,0,30,1,3,1
3609,131,87,0,87,6,1,0,4,2,41,33,0,0
807,657,468,2,466,53,1,3,5,8,64,331,0,1
280,719,451,0,451,140,0,7,7,8,47,241,0,1
1257,532,402,0,402,73,2,10,18,5,73,217,1,3
4005,818,621,1,620,1,26,0,431,0,125,11,18,8
363,335,286,0,286,1,12,0,166,3,86,6,8,4
90,569,417,4,413,85,0,3,13,1,75,228,6,2
700,857,661,3,658,34,3,0,28,14,338,202,34,5
13,519,396,5,391,45,1,0,25,12,30,274,1,3
2034,7107,5035,20,5015,67,763,4,226,253,2637,337,691,37
406,674,484,1,483,173,6,0,2,10,16,273,2,1
397,820,602,3,599,152,0,5,1,10,22,404,1,4
422,547,414,1,413,39,0,0,21,7,92,248,5,1
1024,565,437,3,434,44,3,2,12,6,138,209,17,3
1247,7109,5160,25,5135,175,159,68,768,324,1669,1121,758,93
3717,207,132,0,132,3,0,0,12,19,60,28,2,8
1209,219,166,0,166,84,2,13,0,0,6,58,1,2
3770,2301,1723,4,1719,8,50,0,821,8,619,56,110,47
6700,35061,21251,103,21148,336,1517,44,561,1575,10785,2247,3899,184
962,4473,2318,14,2304,42,0,1964,8,0,28,232,9,21
498,9475,6057,28,6029,30,0,5730,1,22,24,53,139,30
2730,28357,20117,126,19991,123,3,19652,6,2,29,96,20,60
497,1230,703,1,702,33,0,656,2,0,4,4,0,3
2720,18238,13218,65,13153,181,18,12708,7,0,23,176,7,33
663,788,640,2,638,10,14,0,244,1,271,34,60,4
2100,18822,12494,68,12426,275,78,18,370,700,7409,2059,1390,127
268,516,403,3,400,21,4,0,193,0,85,93,1,3
462,783,616,2,614,105,1,8,13,16,91,368,7,5
1181,934,696,1,695,55,3,2,32,44,166,379,5,9
1177,330,234,1,233,38,0,0,11,10,49,123,2,0
3788,2143,1778,3,1775,0,146,0,1251,2,294,2,33,47
8900,22876,18354,37,18317,53,16,17976,7,0,65,44,111,45
547,1042,723,4,719,4,0,692,1,0,2,17,0,3
3743,512,386,2,384,12,10,0,144,16,111,71,10,10
1214,246,203,0,203,1,2,0,83,1,94,3,19,0
1295,4569,2613,21,2592,51,3,97,19,472,841,1009,95,5
1232,204,157,0,157,27,1,0,17,4,24,80,1,3
46,2497,1734,7,1727,35,70,3,51,19,457,307,754,31
2660,33555,25148,129,25019,819,252,23,1078,1077,11421,7418,2733,198
96,1353,922,1,921,257,0,3,8,15,45,587,2,4
798,616,494,1,493,21,10,0,10,4,329,60,57,2
577,2163,1749,5,1744,3,336,0,779,0,352,24,199,51
1134,161,114,0,114,3,0,0,7,19,37,48,0,0
758,577,457,0,457,58,0,7,4,16,84,284,2,2
358,678,476,1,475,151,2,3,5,9,29,272,1,3
775,423,323,0,323,21,1,1,7,8,57,220,6,2
64,853,660,1,659,22,7,0,27,5,447,82,67,2
9400,23179,16902,77,16825,1001,140,32,554,505,6716,6995,750,132
1158,217,121,1,120,28,0,1,0,4,18,64,0,5
2009,436,315,0,315,36,0,0,21,1,109,126,18,4
1226,991,754,1,753,172,1,4,17,17,40,497,0,5
1112,611,488,1,487,175,0,11,9,5,15,269,1,2
4007,388,308,5,303,4,5,1,183,2,77,23,2,6
803,337,272,1,271,3,9,0,24,1,135,0,98,1
452,562,340,1,339,104,0,2,1,11,10,209,0,2
409,563,391,3,388,111,0,1,4,12,61,198,1,0
866,683,436,0,436,162,0,5,6,14,20,226,2,1
3607,205,160,1,159,2,5,0,64,8,71,2,1,6
811,473,383,0,383,17,1,0,22,2,269,29,38,5
753,621,463,0,463,43,14,2,30,9,170,183,9,3
2011,904,716,4,712,20,13,61,24,4,422,109,47,12
29,1252,893,4,889,92,3,1,61,21,218,479,10,4
440,317,290,0,290,0,274,0,5,1,4,0,5,1
575,533,391,0,391,82,1,1,4,13,42,246,0,2
1138,561,408,0,408,126,1,9,5,6,14,246,0,1
1044,171,140,1,139,23,2,3,3,0,29,76,2,1
795,557,403,2,401,17,3,5,13,11,188,70,91,3
499,13182,8705,55,8650,145,0,8211,2,14,105,95,25,53
3566,160,103,2,101,2,0,1,12,0,59,16,6,5
134,829,631,2,629,132,2,6,10,13,70,391,2,3
453,543,384,2,382,76,0,4,4,14,24,260,0,0
3749,684,529,1,528,0,144,0,186,1,58,1,13,125
759,578,444,0,444,17,3,0,16,4,307,56,37,4
417,545,427,3,424,144,0,7,2,7,12,252,0,0
3647,1211,1029,1,1028,2,13,0,606,2,348,13,20,24
241,1008,735,2,733,126,0,0,22,16,66,495,3,5
240,18074,12545,70,12475,636,151,27,471,1465,5176,3940,501,108
623,369,220,1,219,68,0,3,4,7,7,130,0,0
2026,285,213,0,213,10,0,0,11,3,134,39,14,2
831,7435,4993,52,4941,157,311,88,527,304,2350,532,645,27
3000,415991,263214,1625,261589,12919,63782,5321,20701,6183,72601,32800,44649,2633
718,790,562,4,558,20,5,1,30,6,319,139,36,2
502,10719,6444,119,6325,205,0,997,19,904,1860,1993,305,42
183,308,225,0,225,23,0,0,4,1,29,166,2,0
916,279,198,0,198,26,0,0,10,5,75,79,0,3
805,549,430,3,427,4,26,0,26,1,246,13,106,5
828,727,520,0,520,23,0,0,19,3,279,150,42,4
1227,340,257,5,252,17,1,0,15,10,113,85,6,5
504,8073,6660,17,6643,10,5,6577,0,0,12,7,6,26
505,2632,2132,5,2127,4,1,2112,0,0,3,7,0,0
576,845,601,1,600,146,0,7,8,9,30,399,0,1
1338,126,62,2,60,7,6,0,3,0,25,16,1,2
3564,1234,1002,0,1002,0,102,0,660,0,165,6,26,43
1224,7703,5775,10,5765,653,17,11,486,218,1096,3241,27,16
3779,4325,3532,16,3516,3,731,1,503,4,719,15,1450,90
824,701,519,5,514,70,0,0,14,7,100,318,3,2
1252,336,216,0,216,40,5,1,6,7,30,125,0,2
1210,352,256,0,256,41,0,3,5,4,32,166,5,0
1367,249,166,2,164,2,0,102,0,0,0,59,0,1
840,313,157,1,156,62,0,2,6,3,14,67,0,2
1153,124,92,2,90,21,2,0,3,1,9,54,0,0
1183,471,344,0,344,159,2,42,6,1,16,114,1,3
1229,187,155,0,155,0,4,0,19,0,114,2,14,2
1331,1054,663,4,659,0,0,631,1,0,2,10,10,5
1291,234,171,2,169,40,1,3,16,7,26,75,0,1
1201,536,398,2,396,103,2,4,8,4,19,250,1,5
4028,323,226,0,226,22,0,0,20,10,31,141,0,2
63,527,380,3,377,33,3,3,13,3,120,200,2,0
57,634,437,0,437,80,1,2,3,21,58,268,2,2
1059,8531,5198,27,5171,63,1,4871,4,9,23,141,12,47
859,277,213,0,213,11,1,1,6,3,129,16,44,2
1296,5682,3462,35,3427,363,1,288,59,477,1328,895,2,14
978,3689,2214,7,2207,227,0,1808,4,13,60,78,4,13
857,536,411,0,411,41,3,1,9,9,86,255,5,2
3638,2534,1917,6,1911,65,16,5,702,32,707,342,15,27
364,549,432,2,430,81,0,4,31,9,109,187,8,1
690,536,425,0,425,11,5,0,16,8,164,210,9,2
220,465,343,7,336,23,0,0,14,5,82,207,3,2
177,872,690,0,690,94,8,2,12,12,98,453,10,1
357,725,491,0,491,102,2,2,14,13,93,261,1,3
2010,539,415,1,414,82,0,1,9,13,94,207,3,5
633,2352,1796,9,1787,15,0,1758,0,0,5,8,0,1
132,370,287,0,287,33,3,0,4,6,75,164,2,0
106,184,134,0,134,1,50,0,4,0,36,13,26,4
427,94,49,1,48,4,1,0,1,5,19,18,0,0
310,284,214,0,214,59,0,6,4,6,14,124,0,1
76,565,360,1,359,63,0,1,5,10,26,252,2,0
707,488,363,1,362,57,4,1,3,8,45,244,0,0
3796,1623,1178,1,1177,138,9,2,46,31,203,738,4,6
192,476,353,2,351,87,1,3,8,17,34,201,0,0
254,307,215,0,215,40,0,0,1,6,15,152,0,1
582,779,599,1,598,49,2,1,17,17,126,377,5,4
443,712,373,2,371,88,0,7,6,5,28,232,2,3
187,1052,801,0,801,147,0,10,8,10,60,563,0,3
217,741,580,2,578,16,9,1,315,1,157,57,14,8
888,579,470,1,469,59,0,4,20,9,86,286,5,0
190,1399,1064,4,1060,206,3,7,15,18,52,756,1,2
320,815,628,0,628,66,1,1,14,11,94,427,10,4
1263,4632,3242,11,3231,490,5,50,95,127,527,1906,18,13
786,474,356,0,356,3,6,0,24,0,248,38,32,5
696,4163,2842,4,2838,9,1113,2,204,5,736,8,617,144
609,577,427,1,426,12,6,0,14,5,247,57,80,5
255,508,344,0,344,24,0,0,11,6,144,151,6,2
193,430,347,1,346,51,1,2,3,4,29,255,1,0
1297,525,384,1,383,33,5,2,35,13,176,105,13,1
112,519,389,0,389,24,20,0,69,11,101,147,14,3
889,204,155,1,154,2,3,0,33,4,65,43,3,1
4004,400,236,0,236,44,0,2,1,3,26,160,0,0
673,572,438,1,437,31,2,2,20,11,131,231,6,3
507,7927,5562,32,5530,116,0,5091,0,57,97,134,20,15
233,487,398,0,398,61,0,2,5,2,35,291,0,2
140,830,673,4,669,110,0,1,28,16,56,457,0,1
168,16493,12146,62,12084,606,136,17,466,512,4820,4829,623,75
85,727,595,2,593,72,3,3,12,15,66,413,3,6
170,474,379,3,376,4,18,1,48,2,227,27,48,1
508,2597,1099,4,1095,139,1,155,1,16,21,754,0,8
509,14685,10431,83,10348,296,1,9787,5,37,73,65,62,22
387,628,461,0,461,53,1,9,4,5,48,341,0,0
1095,434,351,1,350,7,3,0,203,0,107,17,4,9
98,281,223,0,223,37,0,1,7,8,33,134,0,3
510,12686,8957,74,8883,41,0,7656,6,5,20,193,916,46
274,888,667,2,665,195,1,6,8,12,49,392,2,0
297,599,409,0,409,124,0,1,7,17,15,245,0,0
512,1812,1179,2,1177,38,1,1060,1,0,7,20,44,6
764,461,363,1,362,56,1,1,3,9,36,253,2,1
316,716,566,2,564,72,0,1,9,15,88,372,5,2
345,502,378,1,377,94,0,2,6,5,23,243,0,4
6900,80780,58330,220,58110,5514,421,265,2296,2754,15881,28897,1731,351
107,87,34,0,34,4,0,0,1,1,9,18,0,1
249,972,777,0,777,81,0,5,24,22,111,529,5,0
845,727,532,0,532,116,0,5,18,10,36,343,1,3
3488,473,369,2,367,6,4,0,217,1,97,37,1,4
189,381,315,2,313,1,8,0,193,1,72,26,4,8
634,15139,11185,72,11113,725,6,10192,6,0,44,75,10,55
388,442,321,3,318,26,1,2,18,10,61,196,1,3
654,12877,9264,32,9232,70,1,8915,3,2,112,34,42,53
579,1001,721,3,718,129,0,2,28,10,170,369,6,4
1130,220,149,0,149,7,1,0,5,2,101,26,7,0
295,394,263,0,263,45,1,0,9,9,24,175,0,0
1166,185,149,1,148,14,3,0,13,3,27,81,4,3
605,335,263,0,263,11,13,1,30,1,143,13,45,6
743,590,497,2,495,54,1,4,10,12,95,314,3,2
267,1904,1238,3,1235,113,6,5,22,33,222,823,6,5
47,3362,2439,2,2437,211,5,14,120,75,678,1296,27,11
3572,622,486,1,485,0,25,0,197,1,183,1,23,55
1285,462,292,0,292,39,0,0,7,5,68,171,2,0
664,406,296,1,295,4,6,0,37,0,183,49,13,3
1094,157,144,0,144,1,30,0,101,0,4,0,8,0
580,654,502,1,501,88,1,4,20,3,60,319,3,3
1085,145,82,1,81,13,3,4,20,2,17,21,1,0
1264,1413,1079,0,1079,149,6,5,29,31,144,709,4,2
3766,554,443,1,442,1,24,0,297,1,104,0,8,7
1374,246,213,0,213,0,1,0,180,1,26,0,1,4
1139,41328,24537,167,24370,822,807,468,739,5098,8879,6627,738,192
768,459,344,0,344,80,0,4,6,5,75,171,0,3
1198,215,168,1,167,43,0,2,34,0,19,68,0,1
3656,265,216,0,216,1,14,0,155,0,41,1,1,3
1207,447,333,0,333,33,2,3,7,13,90,184,1,0
585,535,382,2,380,13,3,0,204,2,90,53,11,4
1230,322,240,0,240,23,0,1,15,4,92,97,7,1
2023,494,338,3,335,119,0,3,3,5,13,192,0,0
380,694,496,2,494,147,2,11,8,19,42,260,1,4
715,609,470,1,469,111,1,4,5,7,22,316,2,1
1271,4957,3753,6,3747,440,10,68,140,103,982,1970,27,7
7000,55743,34612,292,34320,553,904,7170,1941,3566,13356,3633,2831,366
52,458,357,1,356,24,4,3,22,4,156,76,59,8
595,537,415,0,415,101,0,1,5,8,39,259,0,2
1171,501,357,1,356,74,1,14,6,6,34,214,1,6
1255,158,87,0,87,41,1,2,2,4,6,31,0,0
674,543,389,3,386,28,1,0,19,11,126,194,6,1
24,579,462,0,462,111,0,1,16,5,32,295,0,2
1310,1806,1331,1,1330,172,2,12,48,40,302,737,7,10
1173,130,95,0,95,9,0,0,0,0,53,27,6,0
1060,7663,3797,24,3773,31,0,3667,3,4,4,28,7,29
2055,918,711,2,709,78,3,2,45,8,216,322,30,5
102,112,54,2,52,3,0,0,0,7,17,24,0,1
771,613,462,0,462,45,4,1,34,19,189,164,4,2
3569,290,210,2,208,4,10,0,43,4,103,15,8,21
3709,1136,1007,2,1005,3,126,0,638,0,133,6,74,25
4204,402,266,0,266,63,0,1,3,6,13,176,2,2
1141,177,99,1,98,2,12,0,25,0,34,11,11,3
1080,925,669,2,667,41,6,2,32,13,368,152,48,5
829,389,240,0,240,7,2,0,20,5,136,40,24,6
573,369,284,2,282,8,3,0,17,2,135,99,17,1
1015,18944,13589,30,13559,1459,90,81,633,345,5412,4672,757,110
516,10360,7951,24,7927,18,3,7820,4,0,14,15,21,32
4201,900,164,1,163,8,0,9,2,5,29,109,0,1
481,16044,8706,83,8623,316,1,4615,29,505,320,2129,635,73
689,788,572,1,571,43,6,0,15,7,202,267,29,2
65,1404,936,2,934,28,31,7,45,25,522,110,158,8
874,21246,13528,86,13442,275,502,5,367,2335,6093,1688,2072,105
3561,259,164,1,163,0,0,0,113,0,38,8,1,3
3751,247,182,1,181,2,0,0,107,4,41,21,1,5
586,634,472,0,472,113,0,2,8,12,44,292,1,0
375,807,627,1,626,141,1,3,13,2,24,440,0,2
695,463,333,0,333,120,0,6,1,9,12,183,0,2
1155,386,315,0,315,11,1,0,14,9,189,78,10,3
722,676,532,2,530,52,6,0,9,9,100,350,2,2
2029,561,412,1,411,15,10,0,17,11,227,102,25,4
1140,1140,804,2,802,276,0,14,18,15,84,389,1,5
3797,28796,24027,374,23653,6,18926,3,33,5,265,10,4328,77
1200,62927,47859,149,47710,4176,313,127,4722,1907,13490,21744,939,292
269,817,601,0,601,85,2,1,14,13,56,425,3,2
208,907,662,1,661,134,1,10,12,15,110,370,7,2
635,2571,1558,6,1552,5,0,1525,0,0,5,11,0,6
1163,334,252,0,252,48,0,0,2,12,28,160,1,1
1178,1000,763,2,761,7,4,0,490,1,202,25,15,17
606,810,618,2,616,63,1,3,16,14,80,437,2,0
28,10540,8116,37,8079,659,40,14,534,257,2646,3678,196,55
104,687,498,1,497,156,2,1,5,3,18,309,0,3
517,2911,2238,10,2228,16,0,2183,1,0,4,11,4,9
3599,339,256,0,256,0,4,0,161,0,72,10,3,6
1411,127,99,0,99,5,0,0,12,1,13,67,0,1
1418,155,96,0,96,10,1,0,9,1,31,43,1,0
1413,132,95,1,94,7,0,0,4,3,33,43,3,1
1416,114,74,0,74,2,0,0,3,2,13,51,2,1
1415,203,164,1,163,9,0,0,25,4,46,78,0,1
1414,105,83,1,82,7,0,1,7,2,17,46,2,0
1412,187,141,1,140,9,0,0,8,4,44,73,2,0
308,573,394,1,393,72,3,0,6,16,87,201,5,3
776,318,261,0,261,5,9,0,8,1,158,24,52,4
43,1432,866,4,862,117,0,6,45,45,168,458,9,14
822,545,399,1,398,74,3,7,25,6,179,96,7,1
1128,255,198,2,196,61,1,8,2,2,9,111,0,2
2054,373,289,1,288,3,1,0,30,3,195,41,13,2
649,1326,842,5,837,6,0,819,3,0,5,4,0,0
4019,125,90,0,90,13,0,2,5,3,8,57,0,2
1282,385,297,0,297,3,3,0,181,0,84,18,5,3
607,453,297,1,296,1,79,0,92,0,46,13,59,6
731,474,382,0,382,40,0,6,4,10,63,253,3,3
1268,7161,5320,15,5305,457,19,54,557,160,1699,2265,65,29
3614,135,96,1,95,5,1,0,4,8,40,37,0,0
1343,430,248,4,244,12,0,216,0,0,4,6,2,4
382,1045,694,4,690,129,0,6,11,13,51,473,3,4
1202,370,270,0,270,54,0,2,8,7,32,164,0,3
164,276,234,2,232,6,1,0,8,1,163,22,29,2
2044,275,219,0,219,4,4,0,13,4,152,9,28,5
596,427,257,0,257,82,0,2,8,3,14,144,3,1
2030,427,342,0,342,5,3,0,22,0,233,29,43,7
1174,654,460,0,460,101,1,1,5,15,21,316,0,0
1205,350,265,0,265,20,0,0,12,4,156,59,13,1
48,927,603,3,600,31,20,0,19,17,312,164,22,15
347,212,142,1,141,46,0,1,1,7,4,80,0,2
994,852,593,1,592,46,0,517,0,0,2,23,0,4
1258,370,266,0,266,73,2,0,11,3,30,141,0,6
263,271,172,0,172,39,0,4,2,5,15,105,2,0
298,430,278,0,278,79,0,0,1,10,12,176,0,0
742,696,560,1,559,90,4,5,23,8,122,282,22,3
748,498,372,1,371,18,5,0,22,10,180,104,27,5
4203,354,79,1,78,8,0,7,0,1,14,46,2,0
939,7394,4424,34,4390,4,0,4326,0,1,5,26,3,25
197,744,564,0,564,249,2,6,5,2,21,278,1,0
1082,1058,862,4,858,8,33,0,153,3,505,16,133,7
678,328,219,1,218,29,0,0,5,14,29,139,2,0
694,1702,1116,1,1115,363,0,9,15,24,34,658,4,8
272,487,300,0,300,65,0,3,4,2,26,199,0,1
3657,301,215,0,215,0,9,0,159,1,31,1,0,14
570,652,465,3,462,25,1,0,17,11,244,148,14,2
9999,0,330209,2507,327702,24137,13387,18077,27357,12815,107049,97828,23264,3788
518,2552,1831,4,1827,89,1,1587,0,44,9,77,13,7
416,479,336,2,334,78,0,2,4,14,51,185,0,0
290,668,481,3,478,116,2,2,5,8,42,299,2,2
3616,28027,19967,93,19874,316,355,13,2329,1151,11789,2181,1486,254
3608,1108,590,1,589,15,37,2,97,43,292,81,12,10
1127,360,290,0,290,26,3,1,126,1,43,86,2,2
4008,398,295,2,293,38,0,1,13,6,39,192,1,3
286,592,413,0,413,123,0,3,9,4,21,247,0,6
3752,431,339,1,338,0,25,0,188,2,85,1,13,24
3651,955,748,1,747,0,19,0,415,1,236,11,37,28
1327,9896,6068,26,6042,20,0,5951,3,0,10,13,8,37
3653,364,279,0,279,1,151,0,58,0,28,2,31,8
3637,572,432,1,431,4,9,0,128,14,217,36,14,9
1063,18341,11674,80,11594,265,143,2755,570,2142,3768,1203,669,79
344,552,447,0,447,160,0,12,4,6,29,234,0,2
230,686,532,1,531,43,3,1,21,13,116,322,8,4
668,677,481,1,480,109,0,4,18,14,44,289,1,1
3745,329,253,1,252,3,6,0,191,2,35,4,8,3
325,845,576,1,575,63,1,4,15,13,133,336,7,3
757,978,744,2,742,24,2,0,23,19,438,184,41,11
58,130,92,0,92,12,0,0,1,3,26,49,0,1
1222,730,546,0,546,88,1,7,25,7,66,345,6,1
1370,229,204,0,204,0,2,0,147,0,40,12,0,3
3576,1317,1045,2,1043,6,51,0,539,1,318,3,63,62
1190,637,471,2,469,11,4,1,291,3,95,49,6,9
99,3688,2131,21,2110,281,140,48,203,204,789,349,64,32
3610,251,187,1,186,29,1,0,41,4,39,71,0,1
648,430,299,0,299,158,0,4,1,0,6,129,0,1
22,151,104,0,104,10,0,1,6,1,30,54,1,1
843,342,196,0,196,32,4,1,4,3,95,43,10,4
4101,576,406,1,405,54,0,1,6,9,51,282,0,2
1340,202,177,1,176,2,5,0,113,1,35,8,8,4
97,572,434,0,434,42,6,4,11,12,91,260,6,2
66,918,662,4,658,114,0,3,20,41,171,301,3,5
1098,1429,1152,1,1151,7,32,0,591,1,346,47,116,11
421,466,296,0,296,100,1,2,7,18,13,150,1,4
765,500,392,0,392,44,0,1,8,6,92,240,0,1
378,259,169,1,168,59,0,1,2,11,8,87,0,0
520,5592,3790,17,3773,16,0,3697,0,1,26,17,5,11
3605,155,105,0,105,3,0,0,21,4,41,36,0,0
620,463,385,2,383,7,4,1,262,3,51,54,0,1
3785,172,125,0,125,1,8,0,63,0,35,6,11,1
670,396,308,0,308,30,0,0,12,14,86,157,7,2
563,516,440,1,439,59,0,4,12,25,69,267,1,2
732,539,410,0,410,31,4,0,15,10,214,114,11,11
395,794,532,1,531,161,0,0,13,15,59,279,0,4
130,951,715,0,715,322,1,4,4,3,17,364,0,0
729,708,527,2,525,41,4,1,5,17,180,273,2,2
194,515,349,0,349,96,1,3,4,4,18,221,1,1
213,605,494,0,494,98,0,2,11,9,35,337,1,1
425,659,524,1,523,65,3,1,8,13,48,381,0,4
791,709,569,2,567,14,9,0,42,10,370,61,58,3
1315,2562,1936,5,1931,249,2,1,47,66,333,1215,13,5
1184,159,104,0,104,47,3,5,1,4,9,35,0,0
3648,492,363,3,360,1,305,0,9,0,21,0,22,2
4551,423,289,1,288,22,0,1,17,18,59,168,1,2
1124,221,136,1,135,29,0,0,5,0,22,79,0,0
408,513,365,1,364,62,1,0,12,15,33,235,4,2
1197,260,150,1,149,28,0,1,1,1,16,101,1,0
524,1469,1045,6,1039,55,0,957,0,1,3,20,0,3
396,730,558,0,558,19,5,7,45,13,193,257,13,6
315,696,478,1,477,128,0,1,4,21,38,283,0,2
3724,142,123,1,122,0,2,0,78,0,22,1,3,16
309,952,729,2,727,25,9,0,40,7,390,162,89,5
80,743,563,2,561,94,0,1,13,8,47,394,1,3
9100,50929,31941,192,31749,1097,195,200,1082,3951,15189,7817,1998,220
4304,503,391,0,391,1,6,0,221,1,123,25,4,10
55,409,297,0,297,17,3,0,9,7,186,53,18,4
3573,756,579,1,578,1,14,0,337,1,191,7,15,12
1366,321,276,4,272,0,140,0,88,0,30,1,11,2
590,342,241,0,241,60,0,0,8,5,24,141,2,1
4303,163,98,0,98,10,0,0,11,1,22,50,1,3
405,696,486,2,484,81,1,4,11,9,107,266,4,1
296,191,125,0,125,33,0,0,4,2,18,65,3,0
3725,1539,1161,6,1155,3,25,0,701,4,350,30,9,33
1057,55,21,0,21,3,0,1,1,0,9,5,0,2
1314,532,401,3,398,28,1,2,19,13,138,172,15,10
312,210,158,0,158,16,0,0,6,2,60,70,2,2
686,1000,737,2,735,40,5,1,27,17,382,206,51,6
858,848,671,1,670,55,1,2,26,21,93,465,5,2
827,454,358,0,358,51,3,1,12,5,64,218,4,0
1071,467,381,2,379,8,15,2,36,2,222,37,55,2
1259,225,171,0,171,46,0,117,0,0,0,8,0,0
15,313,235,1,234,1,2,0,5,0,175,7,42,2
1333,1683,1380,1,1379,11,73,1,943,2,229,26,64,30
1061,39579,22433,280,22153,532,550,5473,344,4455,7448,2614,492,245
3790,529,398,3,395,2,2,0,86,12,247,26,10,10
1284,2028,1540,1,1539,163,5,5,35,45,253,1019,7,7
257,389,325,0,325,19,1,3,11,5,159,100,23,4
3726,1191,886,1,885,10,20,1,332,66,378,24,30,24
447,1550,1183,8,1175,99,5,1,39,27,255,727,14,8
833,111,93,0,93,7,2,1,6,1,31,41,2,2
59,791,619,1,618,8,11,0,312,1,198,51,26,11
844,352,251,1,250,73,0,1,7,1,22,144,1,1
2045,474,389,4,385,13,9,2,30,4,181,78,67,1
3767,332,252,0,252,2,63,2,62,0,49,0,58,16
449,904,764,1,763,7,16,1,442,5,201,68,13,10
809,418,333,1,332,8,10,1,32,4,206,23,42,6
522,8471,6028,21,6007,43,10,5856,6,0,15,19,31,27
433,529,399,4,395,82,0,2,3,4,21,279,0,4
777,467,347,3,344,145,0,11,2,4,14,165,1,2
705,352,246,1,245,89,0,0,1,5,16,129,1,4
1147,243,185,0,185,6,0,0,8,5,96,35,35,0
4014,250,188,2,186,13,0,2,61,1,49,53,2,5
1369,245,218,2,216,0,9,0,180,0,17,4,5,1
174,561,428,1,427,65,5,5,13,9,73,254,3,0
1254,345,246,0,246,111,0,15,4,1,2,113,0,0
523,1345,881,4,877,210,0,632,0,1,5,24,0,5
3655,1130,837,3,834,42,3,1,87,59,350,279,7,6
351,1411,1130,1,1129,13,23,1,453,2,510,33,70,24
1419,583,420,3,417,4,7,0,75,0,259,22,37,13
1195,204,66,1,65,6,0,5,11,3,14,25,1,0
1280,205,129,0,129,22,0,0,10,11,26,60,0,0
851,743,572,1,571,66,1,3,21,13,212,240,12,3
359,343,254,2,252,78,2,0,2,3,7,160,0,0
808,417,302,1,301,94,0,1,2,7,20,174,0,3
553,605,443,0,443,73,4,1,5,5,45,308,0,2
720,643,547,0,547,9,10,1,280,2,170,36,35,4
256,619,471,1,470,170,1,2,6,8,19,261,0,3
11,404,271,0,271,29,0,1,15,18,84,114,7,3
165,423,326,1,325,18,0,0,8,3,150,124,20,2
402,563,361,1,360,185,1,9,2,12,4,145,2,0
699,592,459,0,459,41,4,1,17,12,120,257,5,2
2047,417,292,2,290,49,2,0,13,6,84,126,9,1
69,329,244,2,242,100,0,3,4,6,14,113,1,1
348,402,260,0,260,69,1,0,10,8,36,134,1,1
769,411,320,0,320,10,7,1,162,3,71,53,7,6
2048,494,383,0,383,26,27,0,62,5,108,108,43,4
331,900,673,1,672,93,5,6,12,18,88,445,2,3
602,379,262,0,262,106,0,5,1,9,21,115,2,3
1236,836,645,1,644,104,1,2,14,8,59,451,2,3
825,786,597,1,596,46,7,4,33,9,266,206,24,1
1143,229,187,0,187,23,0,8,5,4,38,109,0,0
7200,33856,25604,104,25500,2051,159,66,730,890,7666,12945,866,127
186,174,73,0,73,5,0,0,1,10,16,39,1,1
3787,1214,930,3,927,33,8,1,86,61,442,273,11,12
3713,145,88,0,88,2,0,0,9,3,32,40,2,0
158,1309,999,2,997,322,0,5,24,15,43,583,1,4
1041,320,177,0,177,2,0,174,0,0,0,1,0,0
1372,261,227,0,227,0,18,0,113,0,69,4,13,10
435,608,504,1,503,149,0,4,5,8,18,313,4,2
7300,57757,34849,205,34644,269,6,33145,15,123,348,509,46,183
2500,19794,12661,82,12579,499,82,66,274,2035,4952,4034,572,65
3555,233,167,1,166,46,0,2,5,6,44,60,0,3
693,462,351,2,349,110,0,4,5,12,10,206,1,1
1242,686,524,0,524,51,1,2,45,13,117,287,5,3
792,402,307,0,307,16,1,1,6,4,127,135,16,1
246,23763,18143,88,18055,126,1447,6,866,1035,6596,614,7182,183
7400,184613,110399,636,109763,3265,3602,109,5172,10288,47267,25906,13241,913
525,3024,1428,7,1421,465,129,78,6,95,283,341,20,4
578,421,292,1,291,132,0,3,1,5,9,141,0,0
587,3874,2607,4,2603,213,17,21,69,98,588,1574,18,5
2046,425,327,0,327,37,0,0,5,7,89,184,5,0
942,150,84,2,82,8,0,70,0,0,0,4,0,0
526,2012,1338,3,1335,27,2,1268,0,0,0,32,1,5
3756,674,527,1,526,1,12,0,372,0,104,3,11,23
1238,186,110,1,109,25,1,0,3,3,9,65,2,1
7500,21624,17136,51,17085,257,9,16610,1,4,39,120,11,34
1170,898,277,1,276,10,0,233,0,0,19,11,0,3
1245,2252,1422,10,1412,5,0,1234,0,4,22,108,22,17
3567,769,629,1,628,63,1,2,16,10,83,451,0,2
1156,230,147,0,147,75,0,5,0,2,3,62,0,0
3777,259,236,0,236,1,3,0,185,0,35,10,2,0
419,623,456,6,450,33,3,1,216,0,80,106,8,3
1360,937,399,1,398,4,1,356,0,6,4,17,4,6
454,623,437,0,437,82,1,4,8,13,85,242,2,0
1176,332,197,1,196,17,3,0,23,12,64,72,2,3
610,809,631,2,629,85,5,0,22,23,95,393,3,3
4501,1707,677,8,669,168,0,96,1,12,148,44,183,17
892,521,379,4,375,14,4,0,6,6,232,49,57,7
376,673,514,0,514,173,2,3,0,17,17,296,3,3
794,302,242,0,242,10,14,1,2,1,160,17,35,2
1199,1491,1110,1,1109,62,3,0,43,31,227,735,6,2
2035,295,235,0,235,21,0,3,2,4,48,155,1,1
826,366,289,1,288,0,11,0,28,0,146,10,93,0
528,2014,1283,4,1279,36,0,1223,0,0,2,8,7,3
737,761,571,0,571,65,4,1,21,8,118,339,10,5
666,6407,4672,6,4666,515,18,56,189,130,1409,2297,31,21
810,395,299,1,298,51,3,5,12,6,80,136,1,4
3617,1892,1428,2,1426,6,28,0,912,3,415,19,13,30
32,428,364,2,362,9,6,0,5,1,145,9,187,0
957,292,174,0,174,4,0,168,0,0,0,1,0,1
1149,626,483,0,483,38,1,0,14,9,175,210,31,5
837,608,499,0,499,10,12,0,60,3,319,44,46,5
711,777,644,4,640,14,5,0,22,8,436,96,57,2
817,949,746,2,744,22,2,0,20,11,499,122,64,4
969,110,31,0,31,0,0,30,0,0,1,0,0,0
3658,299,237,0,237,1,5,0,174,0,46,1,1,9
1175,298,173,1,172,28,0,0,6,3,24,110,0,1
530,4158,2922,10,2912,205,3,2281,0,59,107,219,26,12
156,115,50,0,50,6,0,1,4,1,17,21,0,0
511,5255,3301,20,3281,11,0,3220,3,0,8,6,4,29
687,744,546,0,546,83,2,5,17,12,75,349,1,2
546,639,350,7,343,19,0,24,8,85,32,173,0,2
273,482,322,0,322,79,0,1,4,4,41,188,0,5
2042,482,316,3,313,87,0,5,6,4,33,173,2,3
436,907,567,1,566,180,0,4,7,17,32,324,0,2
1240,725,538,1,537,63,0,0,35,17,93,321,5,3
74,496,351,1,350,92,1,9,8,5,16,218,1,0
167,710,545,2,543,224,0,5,2,5,13,293,1,0
289,703,543,0,543,230,0,1,3,3,17,285,1,3
383,434,331,0,331,19,3,2,193,1,59,49,2,3
367,590,473,2,471,25,2,0,7,2,324,85,22,4
270,885,527,0,527,232,1,2,4,12,21,252,3,0
676,311,187,1,186,32,0,3,3,12,17,118,1,0
157,1088,848,3,845,105,4,4,9,23,61,635,1,3
4503,281,187,0,187,28,0,0,6,13,29,110,0,1
1320,194,137,0,137,0,0,136,0,0,0,1,0,0
89,517,378,2,376,67,1,1,5,8,25,269,0,0
82,684,496,0,496,125,4,0,16,11,35,300,0,5
806,537,386,0,386,46,0,6,7,6,20,301,0,0
813,712,563,1,562,36,3,1,43,18,281,134,43,3
426,525,405,0,405,107,0,1,4,16,29,245,2,1
532,9058,6608,33,6575,33,1,6428,7,1,35,15,12,43
521,1680,955,18,937,12,0,802,2,0,28,75,3,15
223,398,320,1,319,57,2,3,2,2,27,226,0,0
622,446,359,2,357,17,5,0,190,0,69,68,6,2
4502,146,16,0,16,0,0,0,0,0,8,8,0,0
514,657,373,13,360,16,3,308,2,5,3,23,0,0
139,588,427,0,427,163,0,2,1,10,19,226,2,4
880,1102,818,4,814,82,10,1,22,14,278,371,33,3
1251,147,95,0,95,4,0,0,7,2,26,55,0,1
871,575,474,0,474,126,0,2,3,7,36,295,0,5
7600,42009,26526,172,26354,395,140,7805,672,2579,10389,2283,1918,173
1146,346,265,0,265,9,1,0,141,3,69,39,1,2
3765,2154,1658,4,1654,5,98,1,941,17,497,13,58,24
3727,1610,1356,0,1356,4,12,1,857,10,394,39,21,18
688,584,452,0,452,2,3,0,45,0,328,12,57,5
3715,987,740,0,740,20,2,3,63,44,480,112,8,8
1212,143,97,2,95,20,0,3,4,2,11,53,1,1
3824,73,66,0,66,0,5,0,29,0,19,1,7,5
779,634,449,1,448,53,1,1,34,9,177,159,13,1
385,431,267,1,266,71,0,1,3,2,17,171,1,0
318,208,140,1,139,5,0,0,6,5,63,37,23,0
773,523,395,1,394,65,1,5,13,13,69,225,2,1
319,493,351,3,348,146,0,3,1,8,20,170,0,0
3660,2261,1659,2,1657,1,631,0,45,2,166,6,748,58
708,576,449,3,446,7,27,0,35,0,295,47,31,4
3712,505,429,1,428,0,7,0,177,1,163,3,54,23
534,9170,5136,40,5096,390,9,1557,14,399,149,2530,8,40
7700,41761,26407,163,26244,664,1135,63,896,2778,13820,4571,2054,263
3778,1356,1072,3,1069,9,16,0,354,30,485,110,57,8
917,898,664,1,663,141,0,9,14,6,43,446,3,1
531,16725,12066,35,12031,19,8,11899,4,1,19,39,5,37
1246,1029,549,4,545,29,0,378,0,1,37,82,17,1
1335,517,285,6,279,3,0,103,3,0,117,29,3,21
2560,21515,12774,92,12682,456,3090,165,318,2494,2790,2989,274,106
593,673,544,1,543,54,0,1,14,5,149,310,9,1
637,13286,9119,38,9081,32,3,8960,4,1,19,22,10,30
1192,8586,5113,26,5087,125,1,4871,2,1,13,28,6,40
591,897,701,2,699,81,3,1,17,11,103,479,3,1
53,5921,4257,11,4246,281,39,28,176,130,1632,1743,195,22
3748,460,346,0,346,0,8,0,223,0,85,6,14,10
1151,370,260,1,259,40,0,1,3,3,17,195,0,0
3768,1092,933,0,933,1,25,0,669,0,193,5,28,12
750,338,248,1,247,5,6,0,25,5,143,34,25,4
838,598,465,1,464,13,0,0,19,6,290,99,33,4
1104,265,184,1,183,1,2,0,12,2,119,30,13,4
1105,1019,708,3,705,26,4,0,31,21,477,89,49,8
1313,870,575,4,571,33,6,14,21,23,298,149,19,8
537,8696,5222,34,5188,36,0,5002,5,0,19,35,68,23
767,904,673,3,670,5,8,1,32,11,416,44,140,13
749,665,538,2,536,7,4,0,25,2,287,55,154,2
597,591,442,0,442,147,0,0,6,5,45,234,4,1
3723,229,175,2,173,0,35,0,95,0,27,4,5,7
3659,995,843,1,842,0,56,0,574,0,184,8,10,10
535,2627,1604,8,1596,104,0,1269,0,147,21,45,3,7
2059,384,304,0,304,6,4,0,15,4,146,48,78,3
3615,239,187,1,186,5,0,0,21,5,81,72,0,2
536,4417,2964,20,2944,341,0,942,0,858,158,575,52,18
281,323,270,1,269,4,1,0,1,2,161,18,81,1
7800,30567,21841,83,21758,2380,154,163,999,883,7227,8738,1111,103
171,5005,3783,10,3773,276,15,6,158,94,1072,2032,102,18
599,438,314,2,312,66,0,2,5,8,40,189,0,2
2053,290,216,1,215,11,3,0,15,1,138,30,10,7
1231,168,110,0,110,9,0,0,10,1,61,28,1,0
7900,191908,132135,646,131489,5045,6346,191,11937,11421,47257,37442,10805,1045
839,612,482,4,478,15,1,0,17,9,262,138,33,3
413,394,271,0,271,94,2,3,7,6,31,127,0,1
1180,268,198,0,198,31,0,1,4,3,16,141,0,2
1213,163,138,2,136,59,1,4,8,1,5,57,0,1
465,618,390,0,390,172,1,2,4,8,22,179,0,2
1136,450,304,0,304,21,1,1,8,4,156,96,17,0
3791,1444,1151,2,1149,27,18,0,418,34,413,169,41,29
198,799,597,0,597,115,2,7,9,9,53,400,1,1
1150,352,267,0,267,35,0,3,12,10,17,190,0,0
1102,165,119,0,119,24,1,0,2,1,20,69,2,0
1262,190,138,0,138,32,0,2,6,1,12,84,0,1
1113,6051,4529,14,4515,524,19,33,425,239,1588,1577,69,41
1345,3517,2888,8,2880,244,5,7,111,118,604,1743,39,9
276,1856,1434,2,1432,171,6,5,47,31,190,969,4,9
1148,228,166,2,164,12,0,2,3,7,54,85,0,1
774,294,216,2,214,14,0,1,10,1,133,37,16,2
1221,721,557,0,557,63,4,0,18,31,67,372,1,1
613,655,482,0,482,71,1,4,18,16,73,295,2,2
796,677,518,3,515,16,3,0,24,6,339,87,33,7
636,1238,742,3,739,1,0,734,0,0,1,1,0,2
594,510,412,3,409,4,7,0,195,2,127,30,33,11
1079,307,207,2,205,32,2,6,5,4,80,61,15,0
8000,23506,14713,91,14622,170,2656,243,948,833,5785,850,2880,257
612,704,512,0,512,30,32,3,36,20,200,161,25,5
567,835,555,3,552,181,2,38,2,6,21,302,0,0
1234,754,430,3,427,0,0,406,1,0,1,4,3,12
334,589,434,1,433,26,0,1,153,8,96,144,3,2
3557,2609,2085,2,2083,7,63,0,1273,11,602,27,47,53
195,15526,11719,28,11691,914,43,29,368,488,3015,6146,623,65
4025,392,283,1,282,36,0,0,15,12,61,156,1,1
3781,1002,725,1,724,7,2,0,37,19,510,111,35,3
615,1152,879,3,876,120,3,3,12,24,89,616,3,6
1211,188,138,0,138,41,0,1,1,1,13,79,0,2
964,1350,385,4,381,5,0,362,0,0,0,8,1,5
972,489,118,1,117,0,0,93,0,0,21,2,0,1
766,253,183,0,183,0,177,0,0,0,3,0,3,0
1179,630,465,0,465,126,0,2,2,10,44,274,1,6
1052,438,225,0,225,83,0,10,6,13,13,98,1,1
1167,4946,3201,5,3196,261,15,19,105,103,892,1760,31,10
414,365,301,0,301,59,1,1,14,3,106,96,20,1
3601,318,222,0,222,12,1,1,14,17,49,127,0,1
638,14379,10437,46,10391,43,0,10245,8,2,21,29,5,38
4024,220,142,1,141,14,1,0,3,10,38,74,1,0
1243,2211,1496,2,1494,242,1,41,51,114,280,740,12,13
1347,1244,883,4,879,4,0,849,2,0,3,8,2,11
4100,6175,3523,25,3498,119,53,7,343,663,1370,746,123,74
2620,29021,21506,59,21447,2116,92,82,768,774,5636,11167,692,120
3611,4726,3284,16,3268,19,206,0,1075,75,1474,39,131,249
6800,47351,31314,192,31122,831,749,28,1349,2763,15762,6746,2668,226
9500,34435,22028,146,21882,933,251,25,546,2282,8725,8225,726,169
2630,42639,29040,273,28767,515,2173,11,1036,3430,13159,3792,4404,247
2300,13692,9469,14,9455,1760,122,151,217,235,1684,5129,74,83
9600,36535,21016,188,20828,513,156,12,456,4116,10029,4432,919,195
1137,3332,2577,18,2559,3,1795,0,58,3,140,10,530,20
8200,37981,24829,154,24675,1078,125,30,790,2745,9764,9199,775,169
1034,17219,11944,82,11862,193,1098,6,705,227,6040,1066,2272,255
3746,420,362,1,361,0,5,0,170,1,151,3,15,16
78,305,205,0,205,66,0,3,1,6,21,105,2,1
469,8193,5904,40,5864,162,46,16,207,200,3505,909,748,71
2800,18252,11200,69,11131,376,86,31,548,1093,6471,1378,1052,96
3640,5496,4151,14,4137,37,89,2,1736,150,1634,217,153,119
4006,427,310,2,308,1,17,0,208,0,55,2,18,7
543,6374,4065,48,4017,119,3,2619,2,317,230,645,61,21
1334,271,183,3,180,9,0,121,0,4,1,44,0,1
990,406,286,2,284,0,0,276,1,0,2,1,2,2
2640,43052,33310,94,33216,1325,740,43,1627,1081,13336,11658,3146,260
26,2405,1670,6,1664,258,22,28,83,49,456,710,33,25
3602,492,414,1,413,3,4,0,293,0,83,23,3,4
8300,207038,138490,596,137894,6268,1166,190,4424,12502,55394,50944,6151,855
3795,1192,1024,1,1023,2,23,1,745,0,185,6,38,23
564,589,441,0,441,161,2,9,3,2,19,243,0,2
354,697,421,2,419,158,0,7,7,26,29,189,0,3
390,837,621,2,619,76,0,1,10,18,99,409,4,2
444,414,290,0,290,66,0,9,2,1,26,185,1,0
1161,33987,22545,157,22388,881,10,20711,35,29,136,439,16,131
2051,419,350,2,348,2,5,0,17,1,235,14,71,3
2016,255,181,0,181,3,1,0,3,0,136,7,30,1
362,502,354,2,352,103,2,0,2,10,19,215,0,1
539,742,584,3,581,44,0,530,0,1,1,0,1,4
997,1368,651,3,648,148,0,373,0,1,17,85,17,7
3619,131,86,0,86,4,0,0,2,8,29,43,0,0
854,328,246,0,246,5,0,0,16,0,194,10,21,0
8400,107289,74296,310,73986,4854,3283,257,4644,5204,25292,24095,5644,713
3822,312,277,0,277,0,3,0,218,0,46,2,0,8
540,920,554,7,547,94,0,84,8,21,13,324,1,2
3568,207,156,0,156,10,1,2,16,7,44,72,1,3
542,11436,7764,58,7706,61,3,7475,7,20,44,49,20,27
3565,509,366,2,364,5,5,0,27,24,252,43,7,1
616,691,538,1,537,51,4,0,22,9,184,247,17,3
922,6334,5357,27,5330,16,2307,1,37,29,423,83,2415,19
1069,652,488,1,487,73,1,1,13,12,47,338,0,2
4702,438,337,0,337,37,1,3,7,12,51,219,1,6
206,1169,890,1,889,119,7,5,25,20,94,614,3,2
735,550,383,2,381,39,3,0,25,6,85,217,5,1
445,845,657,1,656,239,1,3,5,12,29,366,0,1
372,435,302,1,301,30,0,0,6,10,87,157,11,0
8500,55672,35652,358,35294,730,251,6054,765,1800,17113,3919,4383,279
8600,132937,87752,331,87421,8641,1041,573,3653,3918,24965,40735,3332,563
135,360,286,1,285,72,0,2,6,2,34,169,0,0
184,669,532,0,532,158,0,5,6,9,28,322,2,2
335,733,520,3,517,154,1,10,4,13,35,300,0,0
2650,37312,27094,46,27048,2934,489,152,561,629,5318,16130,733,102
178,839,576,1,575,132,1,3,15,16,37,367,0,4
122,5702,4252,18,4234,359,24,8,122,158,1284,2203,55,21
4701,439,341,0,341,3,8,0,229,2,76,12,3,8
339,446,355,1,354,65,2,4,10,5,45,218,2,3
460,467,344,2,342,74,1,6,22,12,82,140,3,2
127,354,290,0,290,52,0,4,6,3,35,186,4,0
789,443,318,2,316,15,0,0,21,6,159,110,2,3
713,358,251,0,251,77,0,0,0,11,10,151,0,2
8700,65757,44302,147,44155,3319,738,119,4199,1260,11952,20461,1859,248
1228,793,589,0,589,105,0,5,12,23,64,378,1,1
247,878,683,5,678,96,0,4,9,9,92,461,2,5
437,616,500,1,499,137,1,1,45,6,57,248,4,0
1260,236,195,2,193,8,0,0,116,0,33,29,0,7
324,421,302,0,302,30,0,0,10,9,88,158,4,3
282,880,612,0,612,66,1,2,26,13,169,331,3,1
3571,559,446,2,444,0,51,0,178,5,148,8,8,46
913,4174,2541,14,2527,167,0,2164,6,15,15,136,3,21
1286,5146,3375,28,3347,5,10,3261,1,1,16,14,3,36
721,382,308,1,307,3,6,0,148,0,99,39,9,3
304,618,380,3,377,10,6,0,201,0,105,49,1,5
861,626,458,1,457,41,9,1,26,12,146,210,8,4
885,415,279,0,279,94,0,1,2,8,9,164,0,1
36,423,333,1,332,14,2,1,10,3,191,65,44,2
284,998,733,1,732,102,3,8,10,11,77,518,3,0
293,387,308,0,308,96,0,4,2,8,14,184,0,0
142,628,502,1,501,18,8,0,218,5,150,92,6,4
2008,403,280,2,278,23,0,5,2,7,80,153,4,4
18,395,288,0,288,10,0,0,5,9,92,169,2,1
259,549,400,1,399,48,0,1,5,8,125,206,3,3
329,756,574,0,574,93,2,3,14,15,119,318,4,6
1058,364,211,0,211,52,0,5,12,2,22,114,2,2
739,990,798,4,794,9,5,0,32,5,542,77,117,7
2049,425,336,1,335,25,3,3,17,3,164,79,40,1
327,714,575,0,575,109,8,4,11,13,49,371,7,3
27,267,202,0,202,5,1,0,13,4,111,14,53,1
1223,251,186,0,186,15,0,0,14,10,25,120,1,1
2015,724,559,4,555,75,6,2,13,16,89,353,1,0
2057,369,267,0,267,2,2,0,6,0,233,7,16,1
555,381,277,0,277,34,0,8,7,6,25,195,0,2
306,478,384,1,383,49,0,2,5,11,40,271,2,3
3578,391,311,0,311,1,6,0,238,0,61,0,2,3
1031,20663,13513,99,13414,579,222,31,1364,1386,6861,1227,1545,199
741,478,357,1,356,57,4,5,4,8,116,153,6,3
761,419,340,0,340,1,5,0,63,0,226,11,28,6
394,628,452,1,451,157,0,6,1,7,15,263,0,2
1304,15710,11918,41,11877,894,30,15,1166,282,3200,5989,243,58
614,303,203,1,202,9,2,0,2,3,144,33,9,0
1265,334,279,0,279,0,59,0,170,0,36,4,8,2
415,262,221,1,220,0,3,0,87,1,92,4,30,3
456,1096,851,3,848,114,2,6,83,28,183,424,3,5
1235,401,283,1,282,37,0,4,10,8,46,175,1,1
224,449,319,2,317,24,2,1,6,7,126,109,42,0
527,279,217,0,217,5,1,0,1,2,159,34,12,3
7,521,387,0,387,21,6,0,15,11,175,108,48,3
1266,130,68,0,68,22,0,0,0,7,5,33,0,1
865,263,204,2,202,5,2,0,28,3,139,8,15,2
658,1990,1503,9,1494,34,0,1381,2,0,2,61,3,11
3641,1972,1570,1,1569,1,99,0,940,1,371,5,43,109
1165,499,401,1,400,72,2,5,15,10,55,237,4,0
1160,616,467,0,467,104,0,4,13,17,26,296,2,5
873,388,326,2,324,0,6,0,21,3,223,9,60,2
439,354,258,1,257,9,5,0,128,0,62,47,4,2
812,5217,3496,11,3485,93,22,9,123,398,1766,598,455,21
1364,130,113,0,113,0,1,0,83,0,19,1,6,3
366,682,468,0,468,153,0,3,4,3,26,278,0,1
3784,442,327,0,327,5,8,1,133,2,125,24,10,19
432,438,326,0,326,90,1,3,6,10,41,172,2,1
1337,1831,1351,0,1351,222,5,2,36,24,155,900,5,2
1287,466,319,0,319,26,2,0,62,38,89,77,3,22
1132,435,310,3,307,83,0,1,5,9,28,180,1,0
538,4868,3800,13,3787,10,4,3713,2,1,9,24,14,10
4009,218,166,0,166,13,0,0,6,7,48,86,6,0
856,745,638,0,638,4,50,0,445,0,98,11,21,9
661,1237,934,0,934,71,6,1,25,22,382,373,49,5
264,490,365,0,365,106,0,2,4,3,21,225,1,3
237,554,439,2,437,183,1,4,0,7,5,235,1,1
921,136,11,0,11,1,0,0,0,0,3,4,3,0
3720,3911,2946,6,2940,64,23,4,603,72,1387,629,114,44
232,990,757,1,756,213,1,9,4,10,32,485,0,2
692,534,448,2,446,21,4,2,71,5,206,104,30,3
846,321,227,0,227,13,5,0,9,1,138,39,19,3
8800,29120,19200,168,19032,247,4,15815,13,1600,204,1019,34,96
3649,578,412,2,410,15,1,0,53,20,194,114,4,9
1233,293,239,0,239,47,0,0,7,4,50,128,1,2
292,438,346,1,345,45,1,2,5,16,45,227,2,2
1114,815,569,3,566,145,0,11,12,13,109,274,2,0
126,754,539,0,539,157,3,4,7,12,28,323,2,3
398,251,202,1,201,1,12,0,16,3,121,10,37,1
1045,230,162,0,162,10,4,2,22,1,85,29,8,1
763,1413,1068,2,1066,31,7,0,60,22,598,273,61,14
2062,292,192,1,191,34,1,1,12,3,63,67,9,1
2061,409,302,0,302,24,0,1,20,5,172,60,18,2
1172,379,252,0,252,123,0,11,0,9,13,96,0,0
3558,246,189,0,189,15,1,0,14,5,66,85,0,3
1083,316,254,0,254,0,10,0,135,1,95,1,6,6
163,625,463,1,462,44,0,4,9,16,72,310,3,4
10,331,252,0,252,2,3,0,10,1,136,5,94,1
5000,434208,268116,1001,267115,38808,2802,11413,5942,8598,58363,128637,11179,1373
84,370,277,0,277,66,0,3,9,7,9,180,2,1
287,654,528,13,515,77,0,1,11,10,57,357,2,0
154,9498,7107,17,7090,446,40,12,352,173,1950,3874,199,44
103,850,650,0,650,57,8,5,25,19,161,370,0,5
719,311,221,1,220,45,0,0,5,15,22,131,1,1
1054,9683,5575,44,5531,23,1,5414,2,1,23,27,6,34
1283,337,253,3,250,1,1,0,28,1,179,11,26,3
3719,205,164,0,164,0,11,0,74,5,55,5,4,10
1051,217,129,0,129,4,4,0,7,1,66,32,15,0
2003,664,519,1,518,65,2,4,20,12,111,298,2,4
2050,357,278,0,278,15,3,0,11,6,186,37,15,5
1237,269,156,2,154,25,0,0,10,7,24,87,0,1
727,626,469,0,469,22,0,0,18,6,170,236,15,2
744,496,371,0,371,35,0,0,26,16,107,180,2,5
814,567,448,2,446,2,29,2,35,0,245,24,95,14
1244,1164,894,7,887,165,3,7,10,12,82,604,2,2
2002,601,432,0,432,28,3,0,16,2,194,158,28,3
752,430,351,2,349,32,2,1,31,8,161,74,36,4
709,1011,871,5,866,1,661,0,7,0,61,9,127,0
665,488,416,2,414,5,5,0,163,1,161,63,12,4
3563,2158,1619,4,1615,28,33,3,760,35,583,85,34,54
970,520,48,0,48,0,0,43,0,0,0,4,0,1
1346,587,206,0,206,0,0,160,0,0,40,2,0,4
778,576,472,1,471,9,7,0,85,1,254,65,47,3
